<?xml version="1.0"?><edit><meta><item><parameter>version</parameter><value>1543</value></item><item><parameter>credits</parameter><value>©2017 Kevin Bjorke</value></item><item><parameter>header_headline</parameter><value>Havana: Caged Bouquet</value></item><item><parameter>header_font_hex</parameter><value>000000</value></item><item><parameter>header_hex</parameter><value>FFFFFF</value></item><item><parameter>header_height</parameter><value>0</value></item><item><parameter>body_hex</parameter><value>000000</value></item><item><parameter>body_frame_hex</parameter><value>000000</value></item><item><parameter>controls_hex</parameter><value>333333</value></item><item><parameter>footer_hex</parameter><value>FFFFFF</value></item><item><parameter>footer_font_hex</parameter><value>000000</value></item><item><parameter>footer_height</parameter><value>15</value></item><item><parameter>htmlbg_hex</parameter><value>FFFFFF</value></item><item><parameter>player_style</parameter><value>default</value></item><item><parameter>autoStart</parameter><value>false</value></item><item><parameter>autoShowCaptions</parameter><value>false</value></item><item><parameter>click_to_play</parameter><value>true</value></item><item><parameter>display_sizes</parameter><value>false</value></item><item><parameter>display_headline</parameter><value>false</value></item><item><parameter>display_footer</parameter><value>true</value></item><item><parameter>showCredits</parameter><value>false</value></item><item><parameter>showCaptions</parameter><value>false</value></item><item><parameter>embed_style</parameter><value>false</value></item><item><parameter>center</parameter><value>true</value></item><item><parameter>header_headline_font</parameter><value>Arial</value></item><item><parameter>caption_font_face</parameter><value>Arial</value></item><item><parameter>caption_font_size</parameter><value>11</value></item><item><parameter>footer_font_face</parameter><value>Verdana</value></item><item><parameter>footer_font_size</parameter><value>9</value></item><item><parameter>scrub_preview</parameter><value>false</value></item><item><parameter>show_volume</parameter><value>true</value></item><item><parameter>transition_type</parameter><value>crossfade</value></item><item><parameter>transition_time</parameter><value>1</value></item><item><parameter>show_thumbnails</parameter><value>true</value></item><item><parameter>show_controls</parameter><value>true</value></item><item><parameter>custom_size</parameter><value>true</value></item><item><parameter>custom_width</parameter><value>720</value></item><item><parameter>custom_height</parameter><value>460</value></item><item><parameter>custom_pixels_around_image</parameter><value>0</value></item><item><parameter>custom_audio</parameter><value>hi</value></item><item><parameter>fullscreen</parameter><value>true</value></item><item><parameter>duration</parameter><value>136495</value></item><item><parameter>tlength</parameter><value>1152881</value></item><item><parameter>fla</parameter><value>281902</value></item><item><parameter>swf</parameter><value>225272</value></item><item><parameter>user</parameter><value /></item><item><parameter>index_width</parameter><value>720</value></item><item><parameter>index_height</parameter><value>493</value></item><item><parameter>caption_hex</parameter><value>FFFFFF</value></item><item><parameter>caption_background_hex</parameter><value>000000</value></item></meta><out /><slides><slide><timing>0</timing><file>bjorke_cag_l2k_00.jpg</file><caption>X-T1, 23mm - 1/180 sec f/2.5, ISO 200+ Flashhttp://www.botzilla.com/blog/bjorke_Cuba_HXT1A7040</caption><start_percent_x>0</start_percent_x><start_percent_y>0</start_percent_y><start_percent_scale>100</start_percent_scale><end_percent_x>0</end_percent_x><end_percent_y>0</end_percent_y><end_percent_scale>100</end_percent_scale></slide><slide><timing>5415</timing><file>bjorke_cag_l2k_01.jpg</file><caption>http://www.botzilla.com/blog/bjorke_Cuba_Card2</caption></slide><slide><timing>17017</timing><file>bjorke_cag_l2k_02.jpg</file><caption>X-T1, 35mm - 1/500 sec f/11, ISO 800+ Flashhttp://www.botzilla.com/blog/bjorke_Cuba_IXT1A5595b</caption></slide><slide><timing>24356</timing><file>bjorke_cag_l2k_03.jpg</file><caption>X-Pro2, 35mm - 1/80 sec f/2.0, ISO 5000+ Flashhttp://www.botzilla.com/blog/bjorke_Cuba_KBXP8956</caption></slide><slide><timing>30527</timing><file>bjorke_cag_l2k_04.jpg</file><caption>X-Pro2, 23mm - 1/250 sec f/2.8, ISO 6400+ Flashhttp://www.botzilla.com/blog/bjorke_Cuba_KBXP6336</caption></slide><slide><timing>38159</timing><file>bjorke_cag_l2k_05.jpg</file><caption>X-T1, 35mm - 1/500 sec f/13, ISO 800+ Flashhttp://www.botzilla.com/blog/bjorke_Cuba_XT1A6334</caption></slide><slide><timing>46826</timing><file>bjorke_cag_l2k_06.jpg</file><caption>X-T1, 35mm - 1/500 sec f/4.0, ISO 1250+ Flashhttp://www.botzilla.com/blog/bjorke_Cuba_XT1A6101</caption></slide><slide><timing>54605</timing><file>bjorke_cag_l2k_07.jpg</file><caption>X-Pro2, 23mm - 1/8 sec f/13, ISO 400+ Flashhttp://www.botzilla.com/blog/bjorke_Cuba_KBXP8647</caption></slide><slide><timing>62244</timing><file>bjorke_cag_l2k_08.jpg</file><caption>X-Pro2, 23mm - 1/125 sec f/3.6, ISO 400+ Flashhttp://www.botzilla.com/blog/bjorke_Cuba_KBXP8519</caption></slide><slide><timing>68709</timing><file>bjorke_cag_l2k_09.jpg</file><caption>X-Pro2, 23mm - 1/30 sec f/2.2, ISO 400+ Flashhttp://www.botzilla.com/blog/bjorke_Cuba_KBXP8639</caption></slide><slide><timing>76341</timing><file>bjorke_cag_l2k_10.jpg</file><caption>X-T1, 35mm - 1/500 sec f/2.8, ISO 3200+ Flashhttp://www.botzilla.com/blog/bjorke_Cuba_XT1A5968</caption></slide><slide><timing>83981</timing><file>bjorke_cag_l2k_11.jpg</file><caption>X-T1, 35mm - 1/60 sec f/4.0, ISO 800+ Flashhttp://www.botzilla.com/blog/bjorke_Cuba_XT1A6853</caption></slide><slide><timing>90585</timing><file>bjorke_cag_l2k_12.jpg</file><caption>X-Pro2, 23mm - 1/250 sec f/2.0, ISO 2000+ Flashhttp://www.botzilla.com/blog/bjorke_Cuba_KBXP8818</caption></slide><slide><timing>96610</timing><file>bjorke_cag_l2k_13.jpg</file><caption>X-Pro2, 23mm - 1/500 sec f/2.8, ISO 2000+ Flashhttp://www.botzilla.com/blog/bjorke_Cuba_KBXP8830</caption></slide><slide><timing>104829</timing><file>bjorke_cag_l2k_14.jpg</file><caption>X-Pro2, 23mm - 1/1000 sec f/8, ISO 500+ Flashhttp://www.botzilla.com/blog/bjorke_Cuba_KBXP7732</caption></slide><slide><timing>111001</timing><file>bjorke_cag_l2k_15.jpg</file><caption>X-T1, 35mm - 1/3200 sec f/4.5, ISO 200+ Flashhttp://www.botzilla.com/blog/bjorke_Cuba_XT1A5695</caption></slide><slide><timing>116725</timing><file>bjorke_cag_l2k_16.jpg</file><caption>X-Pro2, 23mm - 1/15 sec f/11, ISO 200+ Flashhttp://www.botzilla.com/blog/bjorke_Cuba_ZKBXP8071</caption></slide><slide><timing>124951</timing><file>bjorke_cag_l2k_17.jpg</file><caption>X-Pro2, 23mm - 1/4 sec f/2.0, ISO 2500+ Flashhttp://www.botzilla.com/blog/bjorke_Cuba_KBXP7766</caption></slide></slides><lower_thirds /><timestamp>1489357588709</timestamp><comment /></edit>